{"cameraMode":{"drawMode":0,"name":"Shaded","section":"Shading Mode"},"sceneLighting":false,"audioPlay":false,"sceneViewState":{"m_AlwaysRefresh":false,"showFog":true,"showSkybox":true,"showFlares":true,"showImageEffects":true,"showParticleSystems":true,"showVisualEffectGraphs":true,"m_FxEnabled":true},"in2DMode":false,"pivot":{"x":-0.5175520181655884,"y":0.9628319144248962,"z":0.3841369152069092},"rotation":{"x":0.24696038663387299,"y":-0.7520535588264465,"z":0.4538869261741638,"w":0.4091964662075043},"size":1.1824076175689698,"orthographic":false}