{"cameraMode":{"drawMode":0,"name":"Shaded","section":"Shading Mode"},"sceneLighting":true,"audioPlay":false,"sceneViewState":{"m_AlwaysRefresh":false,"showFog":true,"showSkybox":true,"showFlares":true,"showImageEffects":true,"showParticleSystems":true,"showVisualEffectGraphs":true,"m_FxEnabled":true},"in2DMode":false,"pivot":{"x":0.0010932758450508118,"y":-0.23162412643432618,"z":-0.09621547162532807},"rotation":{"x":0.03270823881030083,"y":-0.7387431859970093,"z":0.03593439236283302,"w":0.6722483038902283},"size":14.887618064880371,"orthographic":false}